value,startDate,endDate
HKCategoryValueSleepAnalysisAsleepCore,2026-01-26 00:50:25 -0500,2026-01-26 01:05:25 -0500
HKCategoryValueSleepAnalysisAsleepDeep,2026-01-26 01:05:25 -0500,2026-01-26 01:16:25 -0500
HKCategoryValueSleepAnalysisAsleepCore,2026-01-26 01:16:25 -0500,2026-01-26 01:20:55 -0500
HKCategoryValueSleepAnalysisAsleepDeep,2026-01-26 01:20:55 -0500,2026-01-26 01:29:25 -0500
HKCategoryValueSleepAnalysisAsleepCore,2026-01-26 01:29:25 -0500,2026-01-26 01:37:25 -0500
HKCategoryValueSleepAnalysisAsleepDeep,2026-01-26 01:37:25 -0500,2026-01-26 01:46:25 -0500
HKCategoryValueSleepAnalysisAsleepCore,2026-01-26 01:46:25 -0500,2026-01-26 01:54:55 -0500
HKCategoryValueSleepAnalysisAsleepREM,2026-01-26 01:54:55 -0500,2026-01-26 02:21:55 -0500
HKCategoryValueSleepAnalysisAsleepCore,2026-01-26 02:21:55 -0500,2026-01-26 02:48:25 -0500
HKCategoryValueSleepAnalysisAsleepDeep,2026-01-26 02:48:25 -0500,2026-01-26 03:35:55 -0500
HKCategoryValueSleepAnalysisInBed,2026-01-26 00:50:25 -0500,2026-01-26 03:35:55 -0500
HKCategoryValueSleepAnalysisAwake,2026-01-26 03:35:55 -0500,2026-01-26 03:36:55 -0500
HKCategoryValueSleepAnalysisAsleepCore,2026-01-26 03:36:55 -0500,2026-01-26 03:42:55 -0500
HKCategoryValueSleepAnalysisAsleepREM,2026-01-26 03:42:55 -0500,2026-01-26 03:48:55 -0500
HKCategoryValueSleepAnalysisAsleepCore,2026-01-26 03:48:55 -0500,2026-01-26 04:29:25 -0500
HKCategoryValueSleepAnalysisAsleepREM,2026-01-26 04:29:25 -0500,2026-01-26 05:02:25 -0500
HKCategoryValueSleepAnalysisAsleepCore,2026-01-26 05:02:25 -0500,2026-01-26 06:12:55 -0500
HKCategoryValueSleepAnalysisAsleepREM,2026-01-26 06:12:55 -0500,2026-01-26 06:39:55 -0500
HKCategoryValueSleepAnalysisAsleepCore,2026-01-26 06:39:55 -0500,2026-01-26 07:30:55 -0500
HKCategoryValueSleepAnalysisInBed,2026-01-26 03:36:55 -0500,2026-01-26 07:30:55 -0500
HKCategoryValueSleepAnalysisAsleepCore,2026-01-29 02:17:09 -0500,2026-01-29 02:34:39 -0500
HKCategoryValueSleepAnalysisAsleepDeep,2026-01-29 02:34:39 -0500,2026-01-29 02:59:09 -0500
HKCategoryValueSleepAnalysisAsleepCore,2026-01-29 02:59:09 -0500,2026-01-29 03:04:09 -0500
HKCategoryValueSleepAnalysisAsleepREM,2026-01-29 03:04:09 -0500,2026-01-29 03:33:39 -0500
HKCategoryValueSleepAnalysisAsleepCore,2026-01-29 03:33:39 -0500,2026-01-29 03:58:39 -0500
HKCategoryValueSleepAnalysisAsleepDeep,2026-01-29 03:58:39 -0500,2026-01-29 04:22:39 -0500
HKCategoryValueSleepAnalysisAsleepCore,2026-01-29 04:22:39 -0500,2026-01-29 04:23:39 -0500
HKCategoryValueSleepAnalysisAsleepDeep,2026-01-29 04:23:39 -0500,2026-01-29 04:25:39 -0500
HKCategoryValueSleepAnalysisAsleepCore,2026-01-29 04:25:39 -0500,2026-01-29 04:33:39 -0500
HKCategoryValueSleepAnalysisAsleepREM,2026-01-29 04:33:39 -0500,2026-01-29 04:49:39 -0500
HKCategoryValueSleepAnalysisInBed,2026-01-29 02:17:09 -0500,2026-01-29 04:49:39 -0500
HKCategoryValueSleepAnalysisAwake,2026-01-29 04:49:39 -0500,2026-01-29 04:50:09 -0500
HKCategoryValueSleepAnalysisAsleepCore,2026-01-29 04:50:09 -0500,2026-01-29 05:27:39 -0500
HKCategoryValueSleepAnalysisAsleepDeep,2026-01-29 05:27:39 -0500,2026-01-29 05:33:39 -0500
HKCategoryValueSleepAnalysisAsleepCore,2026-01-29 05:33:39 -0500,2026-01-29 05:46:09 -0500
HKCategoryValueSleepAnalysisAsleepREM,2026-01-29 05:46:09 -0500,2026-01-29 06:08:09 -0500
HKCategoryValueSleepAnalysisAsleepCore,2026-01-29 06:08:09 -0500,2026-01-29 06:09:09 -0500
HKCategoryValueSleepAnalysisAsleepREM,2026-01-29 06:09:09 -0500,2026-01-29 06:09:39 -0500
HKCategoryValueSleepAnalysisAsleepCore,2026-01-29 06:09:39 -0500,2026-01-29 06:10:09 -0500
HKCategoryValueSleepAnalysisInBed,2026-01-29 04:50:09 -0500,2026-01-29 06:10:09 -0500
HKCategoryValueSleepAnalysisAwake,2026-01-29 06:10:09 -0500,2026-01-29 06:11:39 -0500
HKCategoryValueSleepAnalysisAsleepCore,2026-01-29 06:11:39 -0500,2026-01-29 07:07:39 -0500
HKCategoryValueSleepAnalysisAsleepREM,2026-01-29 07:07:39 -0500,2026-01-29 07:27:09 -0500
HKCategoryValueSleepAnalysisInBed,2026-01-29 06:11:39 -0500,2026-01-29 07:27:09 -0500
HKCategoryValueSleepAnalysisAwake,2026-01-29 07:27:09 -0500,2026-01-29 07:30:09 -0500
HKCategoryValueSleepAnalysisAsleepCore,2026-01-29 07:30:09 -0500,2026-01-29 08:14:09 -0500
HKCategoryValueSleepAnalysisAsleepREM,2026-01-29 08:14:09 -0500,2026-01-29 08:45:09 -0500
HKCategoryValueSleepAnalysisInBed,2026-01-29 07:30:09 -0500,2026-01-29 08:45:09 -0500
HKCategoryValueSleepAnalysisAsleepCore,2026-02-02 01:53:46 -0500,2026-02-02 02:08:46 -0500
HKCategoryValueSleepAnalysisAsleepDeep,2026-02-02 02:08:46 -0500,2026-02-02 02:31:46 -0500
HKCategoryValueSleepAnalysisInBed,2026-02-02 01:53:46 -0500,2026-02-02 02:31:46 -0500
HKCategoryValueSleepAnalysisAwake,2026-02-02 02:31:46 -0500,2026-02-02 02:32:16 -0500
HKCategoryValueSleepAnalysisAsleepCore,2026-02-02 02:32:16 -0500,2026-02-02 02:37:16 -0500
HKCategoryValueSleepAnalysisAsleepREM,2026-02-02 02:37:16 -0500,2026-02-02 02:48:16 -0500
HKCategoryValueSleepAnalysisAsleepCore,2026-02-02 02:48:16 -0500,2026-02-02 03:02:46 -0500
HKCategoryValueSleepAnalysisAsleepDeep,2026-02-02 03:02:46 -0500,2026-02-02 03:06:46 -0500
HKCategoryValueSleepAnalysisAsleepCore,2026-02-02 03:06:46 -0500,2026-02-02 03:17:16 -0500
HKCategoryValueSleepAnalysisAsleepDeep,2026-02-02 03:17:16 -0500,2026-02-02 03:22:16 -0500
HKCategoryValueSleepAnalysisAsleepCore,2026-02-02 03:22:16 -0500,2026-02-02 03:34:46 -0500
HKCategoryValueSleepAnalysisAsleepDeep,2026-02-02 03:34:46 -0500,2026-02-02 03:51:16 -0500
HKCategoryValueSleepAnalysisAsleepCore,2026-02-02 03:51:16 -0500,2026-02-02 03:52:46 -0500
HKCategoryValueSleepAnalysisAsleepREM,2026-02-02 03:52:46 -0500,2026-02-02 04:18:46 -0500
HKCategoryValueSleepAnalysisAsleepCore,2026-02-02 04:18:46 -0500,2026-02-02 05:02:46 -0500
HKCategoryValueSleepAnalysisAsleepDeep,2026-02-02 05:02:46 -0500,2026-02-02 05:26:46 -0500
HKCategoryValueSleepAnalysisAsleepCore,2026-02-02 05:26:46 -0500,2026-02-02 05:30:46 -0500
HKCategoryValueSleepAnalysisAsleepREM,2026-02-02 05:30:46 -0500,2026-02-02 05:49:16 -0500
HKCategoryValueSleepAnalysisAsleepCore,2026-02-02 05:49:16 -0500,2026-02-02 07:05:16 -0500
HKCategoryValueSleepAnalysisAsleepREM,2026-02-02 07:05:16 -0500,2026-02-02 07:38:46 -0500
HKCategoryValueSleepAnalysisAsleepCore,2026-02-02 07:38:46 -0500,2026-02-02 08:42:16 -0500
HKCategoryValueSleepAnalysisAsleepREM,2026-02-02 08:42:16 -0500,2026-02-02 09:18:46 -0500
HKCategoryValueSleepAnalysisInBed,2026-02-02 02:32:16 -0500,2026-02-02 09:18:46 -0500
HKCategoryValueSleepAnalysisAwake,2026-02-02 09:18:46 -0500,2026-02-02 09:19:16 -0500
HKCategoryValueSleepAnalysisAsleepCore,2026-02-02 09:19:16 -0500,2026-02-02 10:00:16 -0500
HKCategoryValueSleepAnalysisAsleepREM,2026-02-02 10:00:16 -0500,2026-02-02 10:23:16 -0500
HKCategoryValueSleepAnalysisInBed,2026-02-02 09:19:16 -0500,2026-02-02 10:23:16 -0500
HKCategoryValueSleepAnalysisAsleepCore,2026-02-05 00:53:23 -0500,2026-02-05 01:11:23 -0500
HKCategoryValueSleepAnalysisAsleepDeep,2026-02-05 01:11:23 -0500,2026-02-05 01:25:53 -0500
HKCategoryValueSleepAnalysisAsleepCore,2026-02-05 01:25:53 -0500,2026-02-05 01:30:53 -0500
HKCategoryValueSleepAnalysisAsleepDeep,2026-02-05 01:30:53 -0500,2026-02-05 01:54:23 -0500
HKCategoryValueSleepAnalysisAsleepCore,2026-02-05 01:54:23 -0500,2026-02-05 01:59:23 -0500
HKCategoryValueSleepAnalysisAsleepREM,2026-02-05 01:59:23 -0500,2026-02-05 02:06:53 -0500
HKCategoryValueSleepAnalysisAsleepCore,2026-02-05 02:06:53 -0500,2026-02-05 02:28:23 -0500
HKCategoryValueSleepAnalysisAsleepDeep,2026-02-05 02:28:23 -0500,2026-02-05 02:47:53 -0500
HKCategoryValueSleepAnalysisAsleepCore,2026-02-05 02:47:53 -0500,2026-02-05 02:48:23 -0500
HKCategoryValueSleepAnalysisInBed,2026-02-05 00:53:23 -0500,2026-02-05 02:48:23 -0500
HKCategoryValueSleepAnalysisAwake,2026-02-05 02:48:23 -0500,2026-02-05 02:49:23 -0500
HKCategoryValueSleepAnalysisAsleepCore,2026-02-05 02:49:23 -0500,2026-02-05 02:52:53 -0500
HKCategoryValueSleepAnalysisAsleepREM,2026-02-05 02:52:53 -0500,2026-02-05 03:09:23 -0500
HKCategoryValueSleepAnalysisAsleepCore,2026-02-05 03:09:23 -0500,2026-02-05 04:05:23 -0500
HKCategoryValueSleepAnalysisInBed,2026-02-05 02:49:23 -0500,2026-02-05 04:05:23 -0500
HKCategoryValueSleepAnalysisAwake,2026-02-05 04:05:23 -0500,2026-02-05 04:06:23 -0500
HKCategoryValueSleepAnalysisAsleepCore,2026-02-05 04:06:23 -0500,2026-02-05 04:13:53 -0500
HKCategoryValueSleepAnalysisAsleepREM,2026-02-05 04:13:53 -0500,2026-02-05 04:40:23 -0500
HKCategoryValueSleepAnalysisAsleepCore,2026-02-05 04:40:23 -0500,2026-02-05 05:36:53 -0500
HKCategoryValueSleepAnalysisAsleepREM,2026-02-05 05:36:53 -0500,2026-02-05 05:53:23 -0500
HKCategoryValueSleepAnalysisAsleepCore,2026-02-05 05:53:23 -0500,2026-02-05 06:49:23 -0500
HKCategoryValueSleepAnalysisAsleepREM,2026-02-05 06:49:23 -0500,2026-02-05 07:19:53 -0500
HKCategoryValueSleepAnalysisInBed,2026-02-05 04:06:23 -0500,2026-02-05 07:19:53 -0500
HKCategoryValueSleepAnalysisAwake,2026-02-05 07:19:53 -0500,2026-02-05 07:20:23 -0500
HKCategoryValueSleepAnalysisAsleepCore,2026-02-05 07:20:23 -0500,2026-02-05 08:15:23 -0500
HKCategoryValueSleepAnalysisAsleepREM,2026-02-05 08:15:23 -0500,2026-02-05 08:31:53 -0500
HKCategoryValueSleepAnalysisInBed,2026-02-05 07:20:23 -0500,2026-02-05 08:31:53 -0500
HKCategoryValueSleepAnalysisAsleepCore,2026-02-05 23:23:32 -0500,2026-02-05 23:41:02 -0500
HKCategoryValueSleepAnalysisAsleepDeep,2026-02-05 23:41:02 -0500,2026-02-06 00:12:02 -0500
HKCategoryValueSleepAnalysisAsleepCore,2026-02-06 00:12:02 -0500,2026-02-06 00:45:32 -0500
HKCategoryValueSleepAnalysisAsleepREM,2026-02-06 00:45:32 -0500,2026-02-06 01:09:32 -0500
HKCategoryValueSleepAnalysisAsleepCore,2026-02-06 01:09:32 -0500,2026-02-06 01:47:32 -0500
HKCategoryValueSleepAnalysisAsleepDeep,2026-02-06 01:47:32 -0500,2026-02-06 02:14:02 -0500
HKCategoryValueSleepAnalysisAsleepCore,2026-02-06 02:14:02 -0500,2026-02-06 02:16:32 -0500
HKCategoryValueSleepAnalysisAsleepREM,2026-02-06 02:16:32 -0500,2026-02-06 02:28:02 -0500
HKCategoryValueSleepAnalysisAsleepCore,2026-02-06 02:28:02 -0500,2026-02-06 03:31:32 -0500
HKCategoryValueSleepAnalysisAsleepREM,2026-02-06 03:31:32 -0500,2026-02-06 03:49:02 -0500
HKCategoryValueSleepAnalysisAsleepCore,2026-02-06 03:49:02 -0500,2026-02-06 04:45:32 -0500
HKCategoryValueSleepAnalysisInBed,2026-02-05 23:23:32 -0500,2026-02-06 04:45:32 -0500
HKCategoryValueSleepAnalysisAwake,2026-02-06 04:45:32 -0500,2026-02-06 04:46:02 -0500
HKCategoryValueSleepAnalysisAsleepCore,2026-02-06 04:46:02 -0500,2026-02-06 04:49:32 -0500
HKCategoryValueSleepAnalysisAsleepREM,2026-02-06 04:49:32 -0500,2026-02-06 05:12:32 -0500
HKCategoryValueSleepAnalysisInBed,2026-02-06 04:46:02 -0500,2026-02-06 05:12:32 -0500
HKCategoryValueSleepAnalysisAwake,2026-02-06 05:12:32 -0500,2026-02-06 05:13:32 -0500
HKCategoryValueSleepAnalysisAsleepCore,2026-02-06 05:13:32 -0500,2026-02-06 06:09:02 -0500
HKCategoryValueSleepAnalysisAsleepREM,2026-02-06 06:09:02 -0500,2026-02-06 06:41:32 -0500
HKCategoryValueSleepAnalysisInBed,2026-02-06 05:13:32 -0500,2026-02-06 06:41:32 -0500
HKCategoryValueSleepAnalysisAwake,2026-02-06 06:41:32 -0500,2026-02-06 06:42:02 -0500
HKCategoryValueSleepAnalysisAsleepCore,2026-02-06 06:42:02 -0500,2026-02-06 07:29:32 -0500
HKCategoryValueSleepAnalysisInBed,2026-02-06 06:42:02 -0500,2026-02-06 07:29:32 -0500
HKCategoryValueSleepAnalysisAwake,2026-02-06 07:29:32 -0500,2026-02-06 07:33:32 -0500
HKCategoryValueSleepAnalysisAsleepCore,2026-02-06 07:33:32 -0500,2026-02-06 07:43:02 -0500
HKCategoryValueSleepAnalysisAsleepREM,2026-02-06 07:43:02 -0500,2026-02-06 07:54:32 -0500
HKCategoryValueSleepAnalysisInBed,2026-02-06 07:33:32 -0500,2026-02-06 07:54:32 -0500
HKCategoryValueSleepAnalysisAsleepCore,2026-02-07 02:16:30 -0500,2026-02-07 02:39:30 -0500
HKCategoryValueSleepAnalysisAsleepDeep,2026-02-07 02:39:30 -0500,2026-02-07 03:09:00 -0500
HKCategoryValueSleepAnalysisInBed,2026-02-07 02:16:30 -0500,2026-02-07 03:09:00 -0500
HKCategoryValueSleepAnalysisAwake,2026-02-07 03:09:00 -0500,2026-02-07 03:09:30 -0500
HKCategoryValueSleepAnalysisAsleepCore,2026-02-07 03:09:30 -0500,2026-02-07 03:46:30 -0500
HKCategoryValueSleepAnalysisAsleepDeep,2026-02-07 03:46:30 -0500,2026-02-07 03:49:30 -0500
HKCategoryValueSleepAnalysisAsleepCore,2026-02-07 03:49:30 -0500,2026-02-07 04:14:30 -0500
HKCategoryValueSleepAnalysisAsleepREM,2026-02-07 04:14:30 -0500,2026-02-07 04:33:30 -0500
HKCategoryValueSleepAnalysisAsleepCore,2026-02-07 04:33:30 -0500,2026-02-07 05:28:00 -0500
HKCategoryValueSleepAnalysisAsleepDeep,2026-02-07 05:28:00 -0500,2026-02-07 05:46:30 -0500
HKCategoryValueSleepAnalysisAsleepCore,2026-02-07 05:46:30 -0500,2026-02-07 05:50:30 -0500
HKCategoryValueSleepAnalysisAsleepREM,2026-02-07 05:50:30 -0500,2026-02-07 06:11:00 -0500
HKCategoryValueSleepAnalysisAsleepCore,2026-02-07 06:11:00 -0500,2026-02-07 06:59:00 -0500
HKCategoryValueSleepAnalysisAsleepREM,2026-02-07 06:59:00 -0500,2026-02-07 07:41:00 -0500
HKCategoryValueSleepAnalysisAsleepCore,2026-02-07 07:41:00 -0500,2026-02-07 08:36:00 -0500
HKCategoryValueSleepAnalysisAsleepREM,2026-02-07 08:36:00 -0500,2026-02-07 08:49:30 -0500
HKCategoryValueSleepAnalysisAsleepCore,2026-02-07 08:49:30 -0500,2026-02-07 09:12:00 -0500
HKCategoryValueSleepAnalysisInBed,2026-02-07 03:09:30 -0500,2026-02-07 09:12:00 -0500
HKCategoryValueSleepAnalysisAsleepCore,2026-02-09 01:11:38 -0500,2026-02-09 01:13:38 -0500
HKCategoryValueSleepAnalysisInBed,2026-02-09 01:11:38 -0500,2026-02-09 01:13:38 -0500
HKCategoryValueSleepAnalysisAwake,2026-02-09 01:13:38 -0500,2026-02-09 01:21:38 -0500
HKCategoryValueSleepAnalysisAsleepCore,2026-02-09 01:21:38 -0500,2026-02-09 01:24:08 -0500
HKCategoryValueSleepAnalysisInBed,2026-02-09 01:21:38 -0500,2026-02-09 01:24:08 -0500
HKCategoryValueSleepAnalysisAwake,2026-02-09 01:24:08 -0500,2026-02-09 01:26:08 -0500
HKCategoryValueSleepAnalysisAsleepCore,2026-02-09 01:26:08 -0500,2026-02-09 01:44:08 -0500
HKCategoryValueSleepAnalysisAsleepDeep,2026-02-09 01:44:08 -0500,2026-02-09 01:48:38 -0500
HKCategoryValueSleepAnalysisAsleepCore,2026-02-09 01:48:38 -0500,2026-02-09 01:52:38 -0500
HKCategoryValueSleepAnalysisAsleepDeep,2026-02-09 01:52:38 -0500,2026-02-09 02:07:38 -0500
HKCategoryValueSleepAnalysisInBed,2026-02-09 01:26:08 -0500,2026-02-09 02:07:38 -0500
HKCategoryValueSleepAnalysisAwake,2026-02-09 02:07:38 -0500,2026-02-09 02:08:08 -0500
HKCategoryValueSleepAnalysisAsleepCore,2026-02-09 02:08:08 -0500,2026-02-09 02:17:38 -0500
HKCategoryValueSleepAnalysisAsleepREM,2026-02-09 02:17:38 -0500,2026-02-09 02:21:08 -0500
HKCategoryValueSleepAnalysisAsleepCore,2026-02-09 02:21:08 -0500,2026-02-09 02:41:08 -0500
HKCategoryValueSleepAnalysisAsleepDeep,2026-02-09 02:41:08 -0500,2026-02-09 03:02:38 -0500
HKCategoryValueSleepAnalysisAsleepCore,2026-02-09 03:02:38 -0500,2026-02-09 03:10:08 -0500
HKCategoryValueSleepAnalysisAsleepREM,2026-02-09 03:10:08 -0500,2026-02-09 03:25:38 -0500
HKCategoryValueSleepAnalysisAsleepCore,2026-02-09 03:25:38 -0500,2026-02-09 04:20:38 -0500
HKCategoryValueSleepAnalysisAsleepREM,2026-02-09 04:20:38 -0500,2026-02-09 04:47:38 -0500
HKCategoryValueSleepAnalysisAsleepCore,2026-02-09 04:47:38 -0500,2026-02-09 05:13:08 -0500
HKCategoryValueSleepAnalysisInBed,2026-02-09 02:08:08 -0500,2026-02-09 05:13:08 -0500
HKCategoryValueSleepAnalysisAwake,2026-02-09 05:13:08 -0500,2026-02-09 05:13:38 -0500
HKCategoryValueSleepAnalysisAsleepCore,2026-02-09 05:13:38 -0500,2026-02-09 05:57:08 -0500
HKCategoryValueSleepAnalysisAsleepDeep,2026-02-09 05:57:08 -0500,2026-02-09 06:02:08 -0500
HKCategoryValueSleepAnalysisAsleepCore,2026-02-09 06:02:08 -0500,2026-02-09 06:12:38 -0500
HKCategoryValueSleepAnalysisAsleepREM,2026-02-09 06:12:38 -0500,2026-02-09 06:17:38 -0500
HKCategoryValueSleepAnalysisAsleepCore,2026-02-09 06:17:38 -0500,2026-02-09 06:18:38 -0500
HKCategoryValueSleepAnalysisInBed,2026-02-09 05:13:38 -0500,2026-02-09 06:18:38 -0500
HKCategoryValueSleepAnalysisAsleepCore,2026-02-10 02:49:56 -0500,2026-02-10 03:03:26 -0500
HKCategoryValueSleepAnalysisAsleepDeep,2026-02-10 03:03:26 -0500,2026-02-10 03:05:56 -0500
HKCategoryValueSleepAnalysisAsleepCore,2026-02-10 03:05:56 -0500,2026-02-10 03:16:56 -0500
HKCategoryValueSleepAnalysisInBed,2026-02-10 02:49:56 -0500,2026-02-10 03:16:56 -0500
HKCategoryValueSleepAnalysisAwake,2026-02-10 03:16:56 -0500,2026-02-10 03:17:56 -0500
HKCategoryValueSleepAnalysisAsleepCore,2026-02-10 03:17:56 -0500,2026-02-10 03:27:56 -0500
HKCategoryValueSleepAnalysisAsleepDeep,2026-02-10 03:27:56 -0500,2026-02-10 03:34:56 -0500
HKCategoryValueSleepAnalysisAsleepCore,2026-02-10 03:34:56 -0500,2026-02-10 03:35:56 -0500
HKCategoryValueSleepAnalysisInBed,2026-02-10 03:17:56 -0500,2026-02-10 03:35:56 -0500
HKCategoryValueSleepAnalysisAwake,2026-02-10 03:35:56 -0500,2026-02-10 03:36:56 -0500
HKCategoryValueSleepAnalysisAsleepCore,2026-02-10 03:36:56 -0500,2026-02-10 03:47:26 -0500
HKCategoryValueSleepAnalysisInBed,2026-02-10 03:36:56 -0500,2026-02-10 03:47:26 -0500
HKCategoryValueSleepAnalysisAwake,2026-02-10 03:47:26 -0500,2026-02-10 03:48:56 -0500
HKCategoryValueSleepAnalysisAsleepCore,2026-02-10 03:48:56 -0500,2026-02-10 03:56:26 -0500
HKCategoryValueSleepAnalysisAsleepREM,2026-02-10 03:56:26 -0500,2026-02-10 04:08:56 -0500
HKCategoryValueSleepAnalysisInBed,2026-02-10 03:48:56 -0500,2026-02-10 04:08:56 -0500
HKCategoryValueSleepAnalysisAwake,2026-02-10 04:08:56 -0500,2026-02-10 04:09:56 -0500
HKCategoryValueSleepAnalysisAsleepCore,2026-02-10 04:09:56 -0500,2026-02-10 04:10:56 -0500
HKCategoryValueSleepAnalysisInBed,2026-02-10 04:09:56 -0500,2026-02-10 04:10:56 -0500
HKCategoryValueSleepAnalysisAwake,2026-02-10 04:10:56 -0500,2026-02-10 04:15:56 -0500
HKCategoryValueSleepAnalysisAsleepCore,2026-02-10 04:15:56 -0500,2026-02-10 04:33:56 -0500
HKCategoryValueSleepAnalysisAsleepDeep,2026-02-10 04:33:56 -0500,2026-02-10 05:02:56 -0500
HKCategoryValueSleepAnalysisAsleepCore,2026-02-10 05:02:56 -0500,2026-02-10 05:11:56 -0500
HKCategoryValueSleepAnalysisAsleepREM,2026-02-10 05:11:56 -0500,2026-02-10 05:26:26 -0500
HKCategoryValueSleepAnalysisInBed,2026-02-10 04:15:56 -0500,2026-02-10 05:26:26 -0500
HKCategoryValueSleepAnalysisAwake,2026-02-10 05:26:26 -0500,2026-02-10 05:26:56 -0500
HKCategoryValueSleepAnalysisAsleepCore,2026-02-10 05:26:56 -0500,2026-02-10 06:26:26 -0500
HKCategoryValueSleepAnalysisAsleepREM,2026-02-10 06:26:26 -0500,2026-02-10 07:05:56 -0500
HKCategoryValueSleepAnalysisAsleepCore,2026-02-10 07:05:56 -0500,2026-02-10 07:30:56 -0500
HKCategoryValueSleepAnalysisInBed,2026-02-10 05:26:56 -0500,2026-02-10 07:30:56 -0500
HKCategoryValueSleepAnalysisAsleepCore,2026-02-11 01:46:49 -0500,2026-02-11 02:00:19 -0500
HKCategoryValueSleepAnalysisAsleepDeep,2026-02-11 02:00:19 -0500,2026-02-11 02:09:49 -0500
HKCategoryValueSleepAnalysisAsleepCore,2026-02-11 02:09:49 -0500,2026-02-11 02:17:49 -0500
HKCategoryValueSleepAnalysisAsleepDeep,2026-02-11 02:17:49 -0500,2026-02-11 02:23:49 -0500
HKCategoryValueSleepAnalysisAsleepCore,2026-02-11 02:23:49 -0500,2026-02-11 02:27:49 -0500
HKCategoryValueSleepAnalysisAsleepDeep,2026-02-11 02:27:49 -0500,2026-02-11 02:32:49 -0500
HKCategoryValueSleepAnalysisAsleepCore,2026-02-11 02:32:49 -0500,2026-02-11 02:37:19 -0500
HKCategoryValueSleepAnalysisAsleepREM,2026-02-11 02:37:19 -0500,2026-02-11 02:51:19 -0500
HKCategoryValueSleepAnalysisAsleepCore,2026-02-11 02:51:19 -0500,2026-02-11 03:03:19 -0500
HKCategoryValueSleepAnalysisAsleepDeep,2026-02-11 03:03:19 -0500,2026-02-11 03:08:49 -0500
HKCategoryValueSleepAnalysisAsleepCore,2026-02-11 03:08:49 -0500,2026-02-11 03:12:19 -0500
HKCategoryValueSleepAnalysisAsleepDeep,2026-02-11 03:12:19 -0500,2026-02-11 03:54:49 -0500
HKCategoryValueSleepAnalysisAsleepCore,2026-02-11 03:54:49 -0500,2026-02-11 03:59:49 -0500
HKCategoryValueSleepAnalysisAsleepREM,2026-02-11 03:59:49 -0500,2026-02-11 04:20:19 -0500
HKCategoryValueSleepAnalysisAsleepCore,2026-02-11 04:20:19 -0500,2026-02-11 05:15:19 -0500
HKCategoryValueSleepAnalysisAsleepREM,2026-02-11 05:15:19 -0500,2026-02-11 05:36:19 -0500
HKCategoryValueSleepAnalysisInBed,2026-02-11 01:46:49 -0500,2026-02-11 05:36:19 -0500
HKCategoryValueSleepAnalysisAwake,2026-02-11 05:36:19 -0500,2026-02-11 05:37:49 -0500
HKCategoryValueSleepAnalysisAsleepCore,2026-02-11 05:37:49 -0500,2026-02-11 06:39:49 -0500
HKCategoryValueSleepAnalysisAsleepREM,2026-02-11 06:39:49 -0500,2026-02-11 07:01:49 -0500
HKCategoryValueSleepAnalysisAsleepCore,2026-02-11 07:01:49 -0500,2026-02-11 07:28:49 -0500
HKCategoryValueSleepAnalysisInBed,2026-02-11 05:37:49 -0500,2026-02-11 07:28:49 -0500
HKCategoryValueSleepAnalysisAwake,2026-02-11 07:28:49 -0500,2026-02-11 07:30:49 -0500
HKCategoryValueSleepAnalysisAsleepCore,2026-02-11 07:30:49 -0500,2026-02-11 07:31:49 -0500
HKCategoryValueSleepAnalysisInBed,2026-02-11 07:30:49 -0500,2026-02-11 07:31:49 -0500
HKCategoryValueSleepAnalysisAwake,2026-02-11 07:31:49 -0500,2026-02-11 07:33:49 -0500
HKCategoryValueSleepAnalysisAsleepCore,2026-02-11 07:33:49 -0500,2026-02-11 08:01:19 -0500
HKCategoryValueSleepAnalysisAsleepREM,2026-02-11 08:01:19 -0500,2026-02-11 08:24:19 -0500
HKCategoryValueSleepAnalysisInBed,2026-02-11 07:33:49 -0500,2026-02-11 08:24:19 -0500
HKCategoryValueSleepAnalysisAwake,2026-02-11 08:24:19 -0500,2026-02-11 08:25:49 -0500
HKCategoryValueSleepAnalysisAsleepCore,2026-02-11 08:25:49 -0500,2026-02-11 08:27:49 -0500
HKCategoryValueSleepAnalysisInBed,2026-02-11 08:25:49 -0500,2026-02-11 08:27:49 -0500
HKCategoryValueSleepAnalysisAwake,2026-02-11 08:27:49 -0500,2026-02-11 08:29:49 -0500
HKCategoryValueSleepAnalysisAsleepCore,2026-02-11 08:29:49 -0500,2026-02-11 08:34:49 -0500
HKCategoryValueSleepAnalysisInBed,2026-02-11 08:29:49 -0500,2026-02-11 08:34:49 -0500
HKCategoryValueSleepAnalysisAsleepCore,2026-02-12 01:27:54 -0500,2026-02-12 01:44:24 -0500
HKCategoryValueSleepAnalysisAsleepDeep,2026-02-12 01:44:24 -0500,2026-02-12 02:17:24 -0500
HKCategoryValueSleepAnalysisAsleepCore,2026-02-12 02:17:24 -0500,2026-02-12 02:33:24 -0500
HKCategoryValueSleepAnalysisAsleepDeep,2026-02-12 02:33:24 -0500,2026-02-12 02:41:24 -0500
HKCategoryValueSleepAnalysisAsleepCore,2026-02-12 02:41:24 -0500,2026-02-12 02:44:24 -0500
HKCategoryValueSleepAnalysisAsleepREM,2026-02-12 02:44:24 -0500,2026-02-12 03:03:24 -0500
HKCategoryValueSleepAnalysisAsleepCore,2026-02-12 03:03:24 -0500,2026-02-12 03:35:54 -0500
HKCategoryValueSleepAnalysisAsleepDeep,2026-02-12 03:35:54 -0500,2026-02-12 03:40:24 -0500
HKCategoryValueSleepAnalysisAsleepCore,2026-02-12 03:40:24 -0500,2026-02-12 03:41:54 -0500
HKCategoryValueSleepAnalysisInBed,2026-02-12 01:27:54 -0500,2026-02-12 03:41:54 -0500
HKCategoryValueSleepAnalysisAwake,2026-02-12 03:41:54 -0500,2026-02-12 03:42:24 -0500
HKCategoryValueSleepAnalysisAsleepCore,2026-02-12 03:42:24 -0500,2026-02-12 03:47:24 -0500
HKCategoryValueSleepAnalysisAsleepREM,2026-02-12 03:47:24 -0500,2026-02-12 04:10:24 -0500
HKCategoryValueSleepAnalysisInBed,2026-02-12 03:42:24 -0500,2026-02-12 04:10:24 -0500
HKCategoryValueSleepAnalysisAwake,2026-02-12 04:10:24 -0500,2026-02-12 04:10:54 -0500
HKCategoryValueSleepAnalysisAsleepCore,2026-02-12 04:10:54 -0500,2026-02-12 05:18:54 -0500
HKCategoryValueSleepAnalysisAsleepREM,2026-02-12 05:18:54 -0500,2026-02-12 05:39:24 -0500
HKCategoryValueSleepAnalysisAsleepCore,2026-02-12 05:39:24 -0500,2026-02-12 06:18:54 -0500
HKCategoryValueSleepAnalysisAsleepDeep,2026-02-12 06:18:54 -0500,2026-02-12 06:34:54 -0500
HKCategoryValueSleepAnalysisAsleepCore,2026-02-12 06:34:54 -0500,2026-02-12 06:53:24 -0500
HKCategoryValueSleepAnalysisAsleepREM,2026-02-12 06:53:24 -0500,2026-02-12 07:20:54 -0500
HKCategoryValueSleepAnalysisAsleepCore,2026-02-12 07:20:54 -0500,2026-02-12 08:24:24 -0500
HKCategoryValueSleepAnalysisAsleepREM,2026-02-12 08:24:24 -0500,2026-02-12 08:45:54 -0500
HKCategoryValueSleepAnalysisAsleepCore,2026-02-12 08:45:54 -0500,2026-02-12 08:47:54 -0500
HKCategoryValueSleepAnalysisInBed,2026-02-12 04:10:54 -0500,2026-02-12 08:47:54 -0500
HKCategoryValueSleepAnalysisAwake,2026-02-12 08:47:54 -0500,2026-02-12 08:50:24 -0500
HKCategoryValueSleepAnalysisAsleepCore,2026-02-12 08:50:24 -0500,2026-02-12 09:35:54 -0500
HKCategoryValueSleepAnalysisInBed,2026-02-12 08:50:24 -0500,2026-02-12 09:35:54 -0500
HKCategoryValueSleepAnalysisAwake,2026-02-12 09:35:54 -0500,2026-02-12 09:36:54 -0500
HKCategoryValueSleepAnalysisAsleepCore,2026-02-12 09:36:54 -0500,2026-02-12 09:47:24 -0500
HKCategoryValueSleepAnalysisAsleepREM,2026-02-12 09:47:24 -0500,2026-02-12 10:00:24 -0500
HKCategoryValueSleepAnalysisInBed,2026-02-12 09:36:54 -0500,2026-02-12 10:00:24 -0500
HKCategoryValueSleepAnalysisAsleepCore,2026-02-13 01:38:16 -0500,2026-02-13 01:52:16 -0500
HKCategoryValueSleepAnalysisAsleepDeep,2026-02-13 01:52:16 -0500,2026-02-13 02:23:46 -0500
HKCategoryValueSleepAnalysisAsleepCore,2026-02-13 02:23:46 -0500,2026-02-13 02:31:16 -0500
HKCategoryValueSleepAnalysisAsleepREM,2026-02-13 02:31:16 -0500,2026-02-13 02:38:46 -0500
HKCategoryValueSleepAnalysisAsleepCore,2026-02-13 02:38:46 -0500,2026-02-13 02:57:46 -0500
HKCategoryValueSleepAnalysisAsleepDeep,2026-02-13 02:57:46 -0500,2026-02-13 02:59:46 -0500
HKCategoryValueSleepAnalysisAsleepCore,2026-02-13 02:59:46 -0500,2026-02-13 03:22:46 -0500
HKCategoryValueSleepAnalysisAsleepDeep,2026-02-13 03:22:46 -0500,2026-02-13 03:29:16 -0500
HKCategoryValueSleepAnalysisAsleepCore,2026-02-13 03:29:16 -0500,2026-02-13 03:37:46 -0500
HKCategoryValueSleepAnalysisAsleepREM,2026-02-13 03:37:46 -0500,2026-02-13 04:11:46 -0500
HKCategoryValueSleepAnalysisAsleepCore,2026-02-13 04:11:46 -0500,2026-02-13 05:19:46 -0500
HKCategoryValueSleepAnalysisAsleepREM,2026-02-13 05:19:46 -0500,2026-02-13 05:37:46 -0500
HKCategoryValueSleepAnalysisAsleepCore,2026-02-13 05:37:46 -0500,2026-02-13 06:48:16 -0500
HKCategoryValueSleepAnalysisAsleepREM,2026-02-13 06:48:16 -0500,2026-02-13 07:09:16 -0500
HKCategoryValueSleepAnalysisAsleepCore,2026-02-13 07:09:16 -0500,2026-02-13 08:13:46 -0500
HKCategoryValueSleepAnalysisAsleepREM,2026-02-13 08:13:46 -0500,2026-02-13 08:28:16 -0500
HKCategoryValueSleepAnalysisInBed,2026-02-13 01:38:16 -0500,2026-02-13 08:28:16 -0500
HKCategoryValueSleepAnalysisAwake,2026-02-13 08:28:16 -0500,2026-02-13 08:30:16 -0500
HKCategoryValueSleepAnalysisAsleepCore,2026-02-13 08:30:16 -0500,2026-02-13 08:31:46 -0500
HKCategoryValueSleepAnalysisInBed,2026-02-13 08:30:16 -0500,2026-02-13 08:31:46 -0500
HKCategoryValueSleepAnalysisAsleepCore,2026-02-14 01:45:13 -0500,2026-02-14 02:08:43 -0500
HKCategoryValueSleepAnalysisAsleepDeep,2026-02-14 02:08:43 -0500,2026-02-14 02:37:43 -0500
HKCategoryValueSleepAnalysisAsleepCore,2026-02-14 02:37:43 -0500,2026-02-14 03:08:13 -0500
HKCategoryValueSleepAnalysisInBed,2026-02-14 01:45:13 -0500,2026-02-14 03:08:13 -0500
HKCategoryValueSleepAnalysisAwake,2026-02-14 03:08:13 -0500,2026-02-14 03:09:43 -0500
HKCategoryValueSleepAnalysisAsleepCore,2026-02-14 03:09:43 -0500,2026-02-14 03:13:13 -0500
HKCategoryValueSleepAnalysisAsleepREM,2026-02-14 03:13:13 -0500,2026-02-14 03:58:13 -0500
HKCategoryValueSleepAnalysisAsleepCore,2026-02-14 03:58:13 -0500,2026-02-14 04:44:13 -0500
HKCategoryValueSleepAnalysisAsleepDeep,2026-02-14 04:44:13 -0500,2026-02-14 04:51:43 -0500
HKCategoryValueSleepAnalysisAsleepCore,2026-02-14 04:51:43 -0500,2026-02-14 05:33:13 -0500
HKCategoryValueSleepAnalysisAsleepREM,2026-02-14 05:33:13 -0500,2026-02-14 05:55:43 -0500
HKCategoryValueSleepAnalysisInBed,2026-02-14 03:09:43 -0500,2026-02-14 05:55:43 -0500
HKCategoryValueSleepAnalysisAwake,2026-02-14 05:55:43 -0500,2026-02-14 05:59:43 -0500
HKCategoryValueSleepAnalysisAsleepCore,2026-02-14 05:59:43 -0500,2026-02-14 06:55:43 -0500
HKCategoryValueSleepAnalysisInBed,2026-02-14 05:59:43 -0500,2026-02-14 06:55:43 -0500
HKCategoryValueSleepAnalysisAsleepCore,2026-02-15 01:42:36 -0500,2026-02-15 01:54:36 -0500
HKCategoryValueSleepAnalysisAsleepDeep,2026-02-15 01:54:36 -0500,2026-02-15 02:15:36 -0500
HKCategoryValueSleepAnalysisAsleepCore,2026-02-15 02:15:36 -0500,2026-02-15 02:29:36 -0500
HKCategoryValueSleepAnalysisAsleepREM,2026-02-15 02:29:36 -0500,2026-02-15 02:47:36 -0500
HKCategoryValueSleepAnalysisAsleepCore,2026-02-15 02:47:36 -0500,2026-02-15 03:09:36 -0500
HKCategoryValueSleepAnalysisAsleepDeep,2026-02-15 03:09:36 -0500,2026-02-15 03:19:06 -0500
HKCategoryValueSleepAnalysisAsleepCore,2026-02-15 03:19:06 -0500,2026-02-15 03:22:06 -0500
HKCategoryValueSleepAnalysisAsleepDeep,2026-02-15 03:22:06 -0500,2026-02-15 03:23:06 -0500
HKCategoryValueSleepAnalysisAsleepCore,2026-02-15 03:23:06 -0500,2026-02-15 03:37:06 -0500
HKCategoryValueSleepAnalysisAsleepDeep,2026-02-15 03:37:06 -0500,2026-02-15 03:37:36 -0500
HKCategoryValueSleepAnalysisAsleepCore,2026-02-15 03:37:36 -0500,2026-02-15 03:45:06 -0500
HKCategoryValueSleepAnalysisAsleepDeep,2026-02-15 03:45:06 -0500,2026-02-15 03:59:06 -0500
HKCategoryValueSleepAnalysisAsleepCore,2026-02-15 03:59:06 -0500,2026-02-15 03:59:36 -0500
HKCategoryValueSleepAnalysisInBed,2026-02-15 01:42:36 -0500,2026-02-15 03:59:36 -0500
HKCategoryValueSleepAnalysisAwake,2026-02-15 03:59:36 -0500,2026-02-15 04:00:06 -0500
HKCategoryValueSleepAnalysisAsleepCore,2026-02-15 04:00:06 -0500,2026-02-15 04:02:06 -0500
HKCategoryValueSleepAnalysisAsleepREM,2026-02-15 04:02:06 -0500,2026-02-15 04:23:36 -0500
HKCategoryValueSleepAnalysisAsleepCore,2026-02-15 04:23:36 -0500,2026-02-15 04:44:36 -0500
HKCategoryValueSleepAnalysisAsleepDeep,2026-02-15 04:44:36 -0500,2026-02-15 04:49:36 -0500
HKCategoryValueSleepAnalysisAsleepCore,2026-02-15 04:49:36 -0500,2026-02-15 05:36:36 -0500
HKCategoryValueSleepAnalysisInBed,2026-02-15 04:00:06 -0500,2026-02-15 05:36:36 -0500
HKCategoryValueSleepAnalysisAwake,2026-02-15 05:36:36 -0500,2026-02-15 05:37:06 -0500
HKCategoryValueSleepAnalysisAsleepCore,2026-02-15 05:37:06 -0500,2026-02-15 05:42:36 -0500
HKCategoryValueSleepAnalysisAsleepREM,2026-02-15 05:42:36 -0500,2026-02-15 06:09:36 -0500
HKCategoryValueSleepAnalysisAsleepCore,2026-02-15 06:09:36 -0500,2026-02-15 06:50:36 -0500
HKCategoryValueSleepAnalysisAsleepDeep,2026-02-15 06:50:36 -0500,2026-02-15 06:57:06 -0500
HKCategoryValueSleepAnalysisAsleepCore,2026-02-15 06:57:06 -0500,2026-02-15 07:01:06 -0500
HKCategoryValueSleepAnalysisInBed,2026-02-15 05:37:06 -0500,2026-02-15 07:01:06 -0500
HKCategoryValueSleepAnalysisAwake,2026-02-15 07:01:06 -0500,2026-02-15 07:02:06 -0500
HKCategoryValueSleepAnalysisAsleepCore,2026-02-15 07:02:06 -0500,2026-02-15 07:10:06 -0500
HKCategoryValueSleepAnalysisAsleepREM,2026-02-15 07:10:06 -0500,2026-02-15 07:29:06 -0500
HKCategoryValueSleepAnalysisAsleepCore,2026-02-15 07:29:06 -0500,2026-02-15 08:17:36 -0500
HKCategoryValueSleepAnalysisAsleepREM,2026-02-15 08:17:36 -0500,2026-02-15 08:46:06 -0500
HKCategoryValueSleepAnalysisAsleepCore,2026-02-15 08:46:06 -0500,2026-02-15 08:46:36 -0500
HKCategoryValueSleepAnalysisInBed,2026-02-15 07:02:06 -0500,2026-02-15 08:46:36 -0500
HKCategoryValueSleepAnalysisAwake,2026-02-15 08:46:36 -0500,2026-02-15 08:47:06 -0500
HKCategoryValueSleepAnalysisAsleepCore,2026-02-15 08:47:06 -0500,2026-02-15 09:18:36 -0500
HKCategoryValueSleepAnalysisInBed,2026-02-15 08:47:06 -0500,2026-02-15 09:18:36 -0500
HKCategoryValueSleepAnalysisAwake,2026-02-15 09:18:36 -0500,2026-02-15 09:28:36 -0500
HKCategoryValueSleepAnalysisAsleepCore,2026-02-15 09:28:36 -0500,2026-02-15 09:48:06 -0500
HKCategoryValueSleepAnalysisAsleepREM,2026-02-15 09:48:06 -0500,2026-02-15 10:14:06 -0500
HKCategoryValueSleepAnalysisAsleepCore,2026-02-15 10:14:06 -0500,2026-02-15 10:14:36 -0500
HKCategoryValueSleepAnalysisInBed,2026-02-15 09:28:36 -0500,2026-02-15 10:14:36 -0500
HKCategoryValueSleepAnalysisAwake,2026-02-15 10:14:36 -0500,2026-02-15 10:17:06 -0500
HKCategoryValueSleepAnalysisAsleepCore,2026-02-15 10:17:06 -0500,2026-02-15 10:54:06 -0500
HKCategoryValueSleepAnalysisInBed,2026-02-15 10:17:06 -0500,2026-02-15 10:54:06 -0500
HKCategoryValueSleepAnalysisAsleepCore,2026-02-15 23:53:57 -0500,2026-02-16 00:04:27 -0500
HKCategoryValueSleepAnalysisInBed,2026-02-15 23:53:57 -0500,2026-02-16 00:04:27 -0500
HKCategoryValueSleepAnalysisAwake,2026-02-16 00:04:27 -0500,2026-02-16 00:06:57 -0500
HKCategoryValueSleepAnalysisAsleepCore,2026-02-16 00:06:57 -0500,2026-02-16 00:20:27 -0500
HKCategoryValueSleepAnalysisInBed,2026-02-16 00:06:57 -0500,2026-02-16 00:20:27 -0500
HKCategoryValueSleepAnalysisAwake,2026-02-16 00:20:27 -0500,2026-02-16 00:22:27 -0500
HKCategoryValueSleepAnalysisAsleepCore,2026-02-16 00:22:27 -0500,2026-02-16 00:27:27 -0500
HKCategoryValueSleepAnalysisInBed,2026-02-16 00:22:27 -0500,2026-02-16 00:27:27 -0500
HKCategoryValueSleepAnalysisAwake,2026-02-16 00:27:27 -0500,2026-02-16 00:27:57 -0500
HKCategoryValueSleepAnalysisAsleepCore,2026-02-16 00:27:57 -0500,2026-02-16 00:32:57 -0500
HKCategoryValueSleepAnalysisInBed,2026-02-16 00:27:57 -0500,2026-02-16 00:32:57 -0500
HKCategoryValueSleepAnalysisAwake,2026-02-16 00:32:57 -0500,2026-02-16 00:35:27 -0500
HKCategoryValueSleepAnalysisAsleepCore,2026-02-16 00:35:27 -0500,2026-02-16 00:49:27 -0500
HKCategoryValueSleepAnalysisAsleepDeep,2026-02-16 00:49:27 -0500,2026-02-16 01:11:57 -0500
HKCategoryValueSleepAnalysisInBed,2026-02-16 00:35:27 -0500,2026-02-16 01:11:57 -0500
HKCategoryValueSleepAnalysisAwake,2026-02-16 01:11:57 -0500,2026-02-16 01:12:57 -0500
HKCategoryValueSleepAnalysisAsleepCore,2026-02-16 01:12:57 -0500,2026-02-16 01:18:57 -0500
HKCategoryValueSleepAnalysisAsleepREM,2026-02-16 01:18:57 -0500,2026-02-16 01:34:27 -0500
HKCategoryValueSleepAnalysisAsleepCore,2026-02-16 01:34:27 -0500,2026-02-16 01:47:27 -0500
HKCategoryValueSleepAnalysisAsleepDeep,2026-02-16 01:47:27 -0500,2026-02-16 02:19:57 -0500
HKCategoryValueSleepAnalysisAsleepCore,2026-02-16 02:19:57 -0500,2026-02-16 02:39:57 -0500
HKCategoryValueSleepAnalysisAsleepREM,2026-02-16 02:39:57 -0500,2026-02-16 03:02:57 -0500
HKCategoryValueSleepAnalysisAsleepCore,2026-02-16 03:02:57 -0500,2026-02-16 03:16:27 -0500
HKCategoryValueSleepAnalysisInBed,2026-02-16 01:12:57 -0500,2026-02-16 03:16:27 -0500
HKCategoryValueSleepAnalysisAwake,2026-02-16 03:16:27 -0500,2026-02-16 03:17:27 -0500
HKCategoryValueSleepAnalysisAsleepCore,2026-02-16 03:17:27 -0500,2026-02-16 04:00:57 -0500
HKCategoryValueSleepAnalysisInBed,2026-02-16 03:17:27 -0500,2026-02-16 04:00:57 -0500
HKCategoryValueSleepAnalysisAwake,2026-02-16 04:00:57 -0500,2026-02-16 04:01:57 -0500
HKCategoryValueSleepAnalysisAsleepCore,2026-02-16 04:01:57 -0500,2026-02-16 04:05:57 -0500
HKCategoryValueSleepAnalysisAsleepREM,2026-02-16 04:05:57 -0500,2026-02-16 04:16:57 -0500
HKCategoryValueSleepAnalysisAsleepCore,2026-02-16 04:16:57 -0500,2026-02-16 04:19:27 -0500
HKCategoryValueSleepAnalysisInBed,2026-02-16 04:01:57 -0500,2026-02-16 04:19:27 -0500
HKCategoryValueSleepAnalysisAwake,2026-02-16 04:19:27 -0500,2026-02-16 04:20:27 -0500
HKCategoryValueSleepAnalysisAsleepCore,2026-02-16 04:20:27 -0500,2026-02-16 05:13:27 -0500
HKCategoryValueSleepAnalysisInBed,2026-02-16 04:20:27 -0500,2026-02-16 05:13:27 -0500
HKCategoryValueSleepAnalysisAwake,2026-02-16 05:13:27 -0500,2026-02-16 05:14:27 -0500
HKCategoryValueSleepAnalysisAsleepCore,2026-02-16 05:14:27 -0500,2026-02-16 05:23:27 -0500
HKCategoryValueSleepAnalysisAsleepREM,2026-02-16 05:23:27 -0500,2026-02-16 05:55:57 -0500
HKCategoryValueSleepAnalysisAsleepCore,2026-02-16 05:55:57 -0500,2026-02-16 06:57:27 -0500
HKCategoryValueSleepAnalysisAsleepREM,2026-02-16 06:57:27 -0500,2026-02-16 07:35:27 -0500
HKCategoryValueSleepAnalysisAsleepCore,2026-02-16 07:35:27 -0500,2026-02-16 08:23:27 -0500
HKCategoryValueSleepAnalysisInBed,2026-02-16 05:14:27 -0500,2026-02-16 08:23:27 -0500
HKCategoryValueSleepAnalysisAwake,2026-02-16 08:23:27 -0500,2026-02-16 08:27:57 -0500
HKCategoryValueSleepAnalysisAsleepCore,2026-02-16 08:27:57 -0500,2026-02-16 08:30:27 -0500
HKCategoryValueSleepAnalysisInBed,2026-02-16 08:27:57 -0500,2026-02-16 08:30:27 -0500
HKCategoryValueSleepAnalysisAsleepCore,2026-02-17 02:21:14 -0500,2026-02-17 02:36:44 -0500
HKCategoryValueSleepAnalysisAsleepDeep,2026-02-17 02:36:44 -0500,2026-02-17 02:46:14 -0500
HKCategoryValueSleepAnalysisAsleepCore,2026-02-17 02:46:14 -0500,2026-02-17 02:46:44 -0500
HKCategoryValueSleepAnalysisInBed,2026-02-17 02:21:14 -0500,2026-02-17 02:46:44 -0500
HKCategoryValueSleepAnalysisAwake,2026-02-17 02:46:44 -0500,2026-02-17 02:47:14 -0500
HKCategoryValueSleepAnalysisAsleepCore,2026-02-17 02:47:14 -0500,2026-02-17 02:55:14 -0500
HKCategoryValueSleepAnalysisAsleepDeep,2026-02-17 02:55:14 -0500,2026-02-17 02:59:14 -0500
HKCategoryValueSleepAnalysisAsleepCore,2026-02-17 02:59:14 -0500,2026-02-17 03:14:44 -0500
HKCategoryValueSleepAnalysisAsleepDeep,2026-02-17 03:14:44 -0500,2026-02-17 03:36:14 -0500
HKCategoryValueSleepAnalysisInBed,2026-02-17 02:47:14 -0500,2026-02-17 03:36:14 -0500
HKCategoryValueSleepAnalysisAwake,2026-02-17 03:36:14 -0500,2026-02-17 03:36:44 -0500
HKCategoryValueSleepAnalysisAsleepCore,2026-02-17 03:36:44 -0500,2026-02-17 04:21:14 -0500
HKCategoryValueSleepAnalysisAsleepDeep,2026-02-17 04:21:14 -0500,2026-02-17 04:32:14 -0500
HKCategoryValueSleepAnalysisAsleepCore,2026-02-17 04:32:14 -0500,2026-02-17 04:50:14 -0500
HKCategoryValueSleepAnalysisAsleepREM,2026-02-17 04:50:14 -0500,2026-02-17 05:15:44 -0500
HKCategoryValueSleepAnalysisAsleepCore,2026-02-17 05:15:44 -0500,2026-02-17 06:31:14 -0500
HKCategoryValueSleepAnalysisAsleepREM,2026-02-17 06:31:14 -0500,2026-02-17 06:50:14 -0500
HKCategoryValueSleepAnalysisInBed,2026-02-17 03:36:44 -0500,2026-02-17 06:50:14 -0500
HKCategoryValueSleepAnalysisAwake,2026-02-17 06:50:14 -0500,2026-02-17 06:51:14 -0500
HKCategoryValueSleepAnalysisAsleepCore,2026-02-17 06:51:14 -0500,2026-02-17 07:41:44 -0500
HKCategoryValueSleepAnalysisInBed,2026-02-17 06:51:14 -0500,2026-02-17 07:41:44 -0500
HKCategoryValueSleepAnalysisAwake,2026-02-17 07:41:44 -0500,2026-02-17 07:42:14 -0500
HKCategoryValueSleepAnalysisAsleepCore,2026-02-17 07:42:14 -0500,2026-02-17 07:47:14 -0500
HKCategoryValueSleepAnalysisAsleepREM,2026-02-17 07:47:14 -0500,2026-02-17 08:07:14 -0500
HKCategoryValueSleepAnalysisAsleepCore,2026-02-17 08:07:14 -0500,2026-02-17 08:58:14 -0500
HKCategoryValueSleepAnalysisAsleepREM,2026-02-17 08:58:14 -0500,2026-02-17 09:19:14 -0500
HKCategoryValueSleepAnalysisAsleepCore,2026-02-17 09:19:14 -0500,2026-02-17 09:21:14 -0500
HKCategoryValueSleepAnalysisAsleepREM,2026-02-17 09:21:14 -0500,2026-02-17 09:31:44 -0500
HKCategoryValueSleepAnalysisInBed,2026-02-17 07:42:14 -0500,2026-02-17 09:31:44 -0500
HKCategoryValueSleepAnalysisAwake,2026-02-17 09:31:44 -0500,2026-02-17 09:34:14 -0500
HKCategoryValueSleepAnalysisAsleepCore,2026-02-17 09:34:14 -0500,2026-02-17 09:41:14 -0500
HKCategoryValueSleepAnalysisInBed,2026-02-17 09:34:14 -0500,2026-02-17 09:41:14 -0500
HKCategoryValueSleepAnalysisAwake,2026-02-17 09:41:14 -0500,2026-02-17 09:44:44 -0500
HKCategoryValueSleepAnalysisAsleepCore,2026-02-17 09:44:44 -0500,2026-02-17 10:28:44 -0500
HKCategoryValueSleepAnalysisAsleepREM,2026-02-17 10:28:44 -0500,2026-02-17 10:38:14 -0500
HKCategoryValueSleepAnalysisInBed,2026-02-17 09:44:44 -0500,2026-02-17 10:38:14 -0500
HKCategoryValueSleepAnalysisAwake,2026-02-17 10:38:14 -0500,2026-02-17 10:39:14 -0500
HKCategoryValueSleepAnalysisAsleepCore,2026-02-17 10:39:14 -0500,2026-02-17 10:44:14 -0500
HKCategoryValueSleepAnalysisAsleepREM,2026-02-17 10:44:14 -0500,2026-02-17 10:45:14 -0500
HKCategoryValueSleepAnalysisInBed,2026-02-17 10:39:14 -0500,2026-02-17 10:45:14 -0500
HKCategoryValueSleepAnalysisAsleepCore,2026-02-18 01:43:58 -0500,2026-02-18 02:04:58 -0500
HKCategoryValueSleepAnalysisAsleepDeep,2026-02-18 02:04:58 -0500,2026-02-18 02:12:58 -0500
HKCategoryValueSleepAnalysisAsleepCore,2026-02-18 02:12:58 -0500,2026-02-18 02:17:58 -0500
HKCategoryValueSleepAnalysisAsleepDeep,2026-02-18 02:17:58 -0500,2026-02-18 02:47:28 -0500
HKCategoryValueSleepAnalysisInBed,2026-02-18 01:43:58 -0500,2026-02-18 02:47:28 -0500
HKCategoryValueSleepAnalysisAwake,2026-02-18 02:47:28 -0500,2026-02-18 02:47:58 -0500
HKCategoryValueSleepAnalysisAsleepCore,2026-02-18 02:47:58 -0500,2026-02-18 02:50:28 -0500
HKCategoryValueSleepAnalysisAsleepREM,2026-02-18 02:50:28 -0500,2026-02-18 03:01:28 -0500
HKCategoryValueSleepAnalysisAsleepCore,2026-02-18 03:01:28 -0500,2026-02-18 03:31:28 -0500
HKCategoryValueSleepAnalysisAsleepDeep,2026-02-18 03:31:28 -0500,2026-02-18 03:56:28 -0500
HKCategoryValueSleepAnalysisAsleepCore,2026-02-18 03:56:28 -0500,2026-02-18 03:59:58 -0500
HKCategoryValueSleepAnalysisAsleepREM,2026-02-18 03:59:58 -0500,2026-02-18 04:28:28 -0500
HKCategoryValueSleepAnalysisAsleepCore,2026-02-18 04:28:28 -0500,2026-02-18 05:42:28 -0500
HKCategoryValueSleepAnalysisAsleepREM,2026-02-18 05:42:28 -0500,2026-02-18 06:03:28 -0500
HKCategoryValueSleepAnalysisAsleepCore,2026-02-18 06:03:28 -0500,2026-02-18 06:49:28 -0500
HKCategoryValueSleepAnalysisInBed,2026-02-18 02:47:58 -0500,2026-02-18 06:49:28 -0500
HKCategoryValueSleepAnalysisAwake,2026-02-18 06:49:28 -0500,2026-02-18 06:50:58 -0500
HKCategoryValueSleepAnalysisAsleepCore,2026-02-18 06:50:58 -0500,2026-02-18 07:19:28 -0500
HKCategoryValueSleepAnalysisAsleepREM,2026-02-18 07:19:28 -0500,2026-02-18 07:30:28 -0500
HKCategoryValueSleepAnalysisInBed,2026-02-18 06:50:58 -0500,2026-02-18 07:30:28 -0500
HKCategoryValueSleepAnalysisAsleepCore,2026-02-19 00:51:53 -0500,2026-02-19 01:08:53 -0500
HKCategoryValueSleepAnalysisAsleepDeep,2026-02-19 01:08:53 -0500,2026-02-19 01:09:23 -0500
HKCategoryValueSleepAnalysisAsleepCore,2026-02-19 01:09:23 -0500,2026-02-19 01:12:53 -0500
HKCategoryValueSleepAnalysisAsleepDeep,2026-02-19 01:12:53 -0500,2026-02-19 01:54:23 -0500
HKCategoryValueSleepAnalysisAsleepCore,2026-02-19 01:54:23 -0500,2026-02-19 01:57:53 -0500
HKCategoryValueSleepAnalysisAsleepREM,2026-02-19 01:57:53 -0500,2026-02-19 02:12:53 -0500
HKCategoryValueSleepAnalysisAsleepCore,2026-02-19 02:12:53 -0500,2026-02-19 03:05:23 -0500
HKCategoryValueSleepAnalysisAsleepDeep,2026-02-19 03:05:23 -0500,2026-02-19 03:21:23 -0500
HKCategoryValueSleepAnalysisAsleepCore,2026-02-19 03:21:23 -0500,2026-02-19 03:25:53 -0500
HKCategoryValueSleepAnalysisAsleepREM,2026-02-19 03:25:53 -0500,2026-02-19 03:42:23 -0500
HKCategoryValueSleepAnalysisAsleepCore,2026-02-19 03:42:23 -0500,2026-02-19 04:33:53 -0500
HKCategoryValueSleepAnalysisInBed,2026-02-19 00:51:53 -0500,2026-02-19 04:33:53 -0500
HKCategoryValueSleepAnalysisAwake,2026-02-19 04:33:53 -0500,2026-02-19 04:34:53 -0500
HKCategoryValueSleepAnalysisAsleepCore,2026-02-19 04:34:53 -0500,2026-02-19 04:37:53 -0500
HKCategoryValueSleepAnalysisAsleepREM,2026-02-19 04:37:53 -0500,2026-02-19 05:07:23 -0500
HKCategoryValueSleepAnalysisInBed,2026-02-19 04:34:53 -0500,2026-02-19 05:07:23 -0500
HKCategoryValueSleepAnalysisAwake,2026-02-19 05:07:23 -0500,2026-02-19 05:09:53 -0500
HKCategoryValueSleepAnalysisAsleepCore,2026-02-19 05:09:53 -0500,2026-02-19 06:11:23 -0500
HKCategoryValueSleepAnalysisAsleepREM,2026-02-19 06:11:23 -0500,2026-02-19 06:33:53 -0500
HKCategoryValueSleepAnalysisAsleepCore,2026-02-19 06:33:53 -0500,2026-02-19 07:27:23 -0500
HKCategoryValueSleepAnalysisAsleepREM,2026-02-19 07:27:23 -0500,2026-02-19 07:42:53 -0500
HKCategoryValueSleepAnalysisInBed,2026-02-19 05:09:53 -0500,2026-02-19 07:42:53 -0500
HKCategoryValueSleepAnalysisAwake,2026-02-19 07:42:53 -0500,2026-02-19 07:43:53 -0500
HKCategoryValueSleepAnalysisAsleepCore,2026-02-19 07:43:53 -0500,2026-02-19 07:45:23 -0500
HKCategoryValueSleepAnalysisInBed,2026-02-19 07:43:53 -0500,2026-02-19 07:45:23 -0500
HKCategoryValueSleepAnalysisAwake,2026-02-19 07:45:23 -0500,2026-02-19 07:46:53 -0500
HKCategoryValueSleepAnalysisAsleepCore,2026-02-19 07:46:53 -0500,2026-02-19 08:12:53 -0500
HKCategoryValueSleepAnalysisAsleepREM,2026-02-19 08:12:53 -0500,2026-02-19 08:33:23 -0500
HKCategoryValueSleepAnalysisAsleepCore,2026-02-19 08:33:23 -0500,2026-02-19 08:39:53 -0500
HKCategoryValueSleepAnalysisInBed,2026-02-19 07:46:53 -0500,2026-02-19 08:39:53 -0500
HKCategoryValueSleepAnalysisAsleepCore,2026-02-20 01:58:21 -0500,2026-02-20 02:12:21 -0500
HKCategoryValueSleepAnalysisAsleepDeep,2026-02-20 02:12:21 -0500,2026-02-20 02:52:51 -0500
HKCategoryValueSleepAnalysisInBed,2026-02-20 01:58:21 -0500,2026-02-20 02:52:51 -0500
HKCategoryValueSleepAnalysisAwake,2026-02-20 02:52:51 -0500,2026-02-20 02:53:51 -0500
HKCategoryValueSleepAnalysisAsleepCore,2026-02-20 02:53:51 -0500,2026-02-20 02:59:51 -0500
HKCategoryValueSleepAnalysisAsleepREM,2026-02-20 02:59:51 -0500,2026-02-20 03:03:21 -0500
HKCategoryValueSleepAnalysisAsleepCore,2026-02-20 03:03:21 -0500,2026-02-20 04:03:51 -0500
HKCategoryValueSleepAnalysisAsleepREM,2026-02-20 04:03:51 -0500,2026-02-20 04:31:51 -0500
HKCategoryValueSleepAnalysisAsleepCore,2026-02-20 04:31:51 -0500,2026-02-20 04:56:51 -0500
HKCategoryValueSleepAnalysisAsleepDeep,2026-02-20 04:56:51 -0500,2026-02-20 04:58:51 -0500
HKCategoryValueSleepAnalysisAsleepCore,2026-02-20 04:58:51 -0500,2026-02-20 05:20:21 -0500
HKCategoryValueSleepAnalysisAsleepDeep,2026-02-20 05:20:21 -0500,2026-02-20 05:27:21 -0500
HKCategoryValueSleepAnalysisAsleepCore,2026-02-20 05:27:21 -0500,2026-02-20 05:35:51 -0500
HKCategoryValueSleepAnalysisAsleepDeep,2026-02-20 05:35:51 -0500,2026-02-20 05:44:21 -0500
HKCategoryValueSleepAnalysisAsleepCore,2026-02-20 05:44:21 -0500,2026-02-20 05:54:21 -0500
HKCategoryValueSleepAnalysisAsleepREM,2026-02-20 05:54:21 -0500,2026-02-20 06:18:21 -0500
HKCategoryValueSleepAnalysisAsleepCore,2026-02-20 06:18:21 -0500,2026-02-20 06:55:51 -0500
HKCategoryValueSleepAnalysisInBed,2026-02-20 02:53:51 -0500,2026-02-20 06:55:51 -0500
HKCategoryValueSleepAnalysisAwake,2026-02-20 06:55:51 -0500,2026-02-20 07:00:21 -0500
HKCategoryValueSleepAnalysisAsleepCore,2026-02-20 07:00:21 -0500,2026-02-20 07:25:51 -0500
HKCategoryValueSleepAnalysisAsleepREM,2026-02-20 07:25:51 -0500,2026-02-20 07:52:21 -0500
HKCategoryValueSleepAnalysisInBed,2026-02-20 07:00:21 -0500,2026-02-20 07:52:21 -0500
HKCategoryValueSleepAnalysisAwake,2026-02-20 07:52:21 -0500,2026-02-20 07:52:51 -0500
HKCategoryValueSleepAnalysisAsleepCore,2026-02-20 07:52:51 -0500,2026-02-20 08:39:51 -0500
HKCategoryValueSleepAnalysisInBed,2026-02-20 07:52:51 -0500,2026-02-20 08:39:51 -0500
HKCategoryValueSleepAnalysisAsleepCore,2026-02-21 01:18:40 -0500,2026-02-21 01:45:10 -0500
HKCategoryValueSleepAnalysisAsleepDeep,2026-02-21 01:45:10 -0500,2026-02-21 02:12:10 -0500
HKCategoryValueSleepAnalysisAsleepCore,2026-02-21 02:12:10 -0500,2026-02-21 02:12:40 -0500
HKCategoryValueSleepAnalysisInBed,2026-02-21 01:18:40 -0500,2026-02-21 02:12:40 -0500
HKCategoryValueSleepAnalysisAwake,2026-02-21 02:12:40 -0500,2026-02-21 02:13:10 -0500
HKCategoryValueSleepAnalysisAsleepCore,2026-02-21 02:13:10 -0500,2026-02-21 02:30:40 -0500
HKCategoryValueSleepAnalysisAsleepREM,2026-02-21 02:30:40 -0500,2026-02-21 02:45:10 -0500
HKCategoryValueSleepAnalysisAsleepCore,2026-02-21 02:45:10 -0500,2026-02-21 02:47:40 -0500
HKCategoryValueSleepAnalysisInBed,2026-02-21 02:13:10 -0500,2026-02-21 02:47:40 -0500
HKCategoryValueSleepAnalysisAwake,2026-02-21 02:47:40 -0500,2026-02-21 02:48:40 -0500
HKCategoryValueSleepAnalysisAsleepCore,2026-02-21 02:48:40 -0500,2026-02-21 03:23:40 -0500
HKCategoryValueSleepAnalysisAsleepDeep,2026-02-21 03:23:40 -0500,2026-02-21 03:26:10 -0500
HKCategoryValueSleepAnalysisAsleepCore,2026-02-21 03:26:10 -0500,2026-02-21 03:41:40 -0500
HKCategoryValueSleepAnalysisInBed,2026-02-21 02:48:40 -0500,2026-02-21 03:41:40 -0500
HKCategoryValueSleepAnalysisAwake,2026-02-21 03:41:40 -0500,2026-02-21 03:51:10 -0500
HKCategoryValueSleepAnalysisAsleepCore,2026-02-21 03:51:10 -0500,2026-02-21 03:52:10 -0500
HKCategoryValueSleepAnalysisInBed,2026-02-21 03:51:10 -0500,2026-02-21 03:52:10 -0500
HKCategoryValueSleepAnalysisAwake,2026-02-21 03:52:10 -0500,2026-02-21 03:53:10 -0500
HKCategoryValueSleepAnalysisAsleepCore,2026-02-21 03:53:10 -0500,2026-02-21 04:13:40 -0500
HKCategoryValueSleepAnalysisAsleepREM,2026-02-21 04:13:40 -0500,2026-02-21 04:37:40 -0500
HKCategoryValueSleepAnalysisInBed,2026-02-21 03:53:10 -0500,2026-02-21 04:37:40 -0500
HKCategoryValueSleepAnalysisAwake,2026-02-21 04:37:40 -0500,2026-02-21 04:39:40 -0500
HKCategoryValueSleepAnalysisAsleepCore,2026-02-21 04:39:40 -0500,2026-02-21 05:19:40 -0500
HKCategoryValueSleepAnalysisInBed,2026-02-21 04:39:40 -0500,2026-02-21 05:19:40 -0500
HKCategoryValueSleepAnalysisAwake,2026-02-21 05:19:40 -0500,2026-02-21 05:20:40 -0500
HKCategoryValueSleepAnalysisAsleepCore,2026-02-21 05:20:40 -0500,2026-02-21 05:31:10 -0500
HKCategoryValueSleepAnalysisAsleepREM,2026-02-21 05:31:10 -0500,2026-02-21 05:46:10 -0500
HKCategoryValueSleepAnalysisInBed,2026-02-21 05:20:40 -0500,2026-02-21 05:46:10 -0500
HKCategoryValueSleepAnalysisAwake,2026-02-21 05:46:10 -0500,2026-02-21 05:47:40 -0500
HKCategoryValueSleepAnalysisAsleepCore,2026-02-21 05:47:40 -0500,2026-02-21 06:09:40 -0500
HKCategoryValueSleepAnalysisInBed,2026-02-21 05:47:40 -0500,2026-02-21 06:09:40 -0500
HKCategoryValueSleepAnalysisAwake,2026-02-21 06:09:40 -0500,2026-02-21 06:10:40 -0500
HKCategoryValueSleepAnalysisAsleepCore,2026-02-21 06:10:40 -0500,2026-02-21 06:45:40 -0500
HKCategoryValueSleepAnalysisAsleepREM,2026-02-21 06:45:40 -0500,2026-02-21 07:02:10 -0500
HKCategoryValueSleepAnalysisInBed,2026-02-21 06:10:40 -0500,2026-02-21 07:02:10 -0500
